id;nome;situacao;grupo_maquina_id
1;18 WHEELER A;ATIVO;6
2;18 WHEELER B;ATIVO;6
3;AIR GAME A;ATIVO;7
4;AIR GAME B;ATIVO;7
5;AIR GAME C;ATIVO;7
6;AIR GAME D;ATIVO;7
7;AIR GAME E;ATIVO;7
8;AIR GAME F;ATIVO;7
9;AIR GAME G;ATIVO;7
10;AIR GAME H;ATIVO;7
11;ALIENS EXTERMINA;ATIVO;6
12;AREA BABY;ATIVO;2
13;ASTRO INVASION A;ATIVO;4
14;ASTRO INVASION B;ATIVO;4
15;ATAQUE TUBAROES;ATIVO;4
16;AUTORAMA;ATIVO;2
17;AVION SERVICE;ATIVO;2
18;BASQUETE I JUMP;ATIVO;5
19;BATMAN;ATIVO;4
20;BOLA SAFARI;ATIVO;4
21;BUMPER CARS;ATIVO;2
22;CALIFORNIA SPEED A;ATIVO;6
23;CALIFORNIA SPEED B;ATIVO;6
24;CAMA ELASTICA;ATIVO;2
25;CARRAO DRIFT A;ATIVO;6
26;CARRAO DRIFT B;ATIVO;6
27;CARRAO MULTICARA;ATIVO;6
28;CARRAO MULTICARB;ATIVO;6
29;CARRAODAYTONA2 A;ATIVO;6
30;CARRAODAYTONA2 B;ATIVO;6
31;CARRAOROADEDGE A;ATIVO;6
32;CARRAOROADEDGE B;ATIVO;6
33;CARRAOSEGARALLYA;ATIVO;6
34;CARRAOSEGARALLYB;ATIVO;6
35;CARRAOWACKYRACEA;ATIVO;6
36;CARRAOWACKYRACEB;ATIVO;6
37;CARSPLITSECONDA;ATIVO;6
38;CARSPLITSECONDB;ATIVO;6
39;CART FURY A;ATIVO;6
40;CART FURY B;ATIVO;6
41;CATS E MICE;ATIVO;4
42;CHURROS;ATIVO;13
43;COMET SHOT A;ATIVO;4
44;COMET SHOT B;ATIVO;4
45;CRAZY HOOPS A;ATIVO;4
46;CRAZY HOOPS B;ATIVO;4
47;CRUINS WORLD B;ATIVO;6
48;CRUISN WORLD A;ATIVO;6
49;CYBER CYCLES A;ATIVO;6
50;CYBER CYCLES B;ATIVO;6
51;DANCA DDR A;ATIVO;6
52;DANCA DDR B;ATIVO;6
53;DANCA PUMP A;ATIVO;6
54;DANCA PUMP B;ATIVO;6
55;DEADSTORMPIRATES;ATIVO;6
56;DINO POP;ATIVO;4
57;DIVERKIDS A;ATIVO;5
58;DIVERKIDS B;ATIVO;5
59;DRAGO;ATIVO;4
60;DUCKY SPLASH A;ATIVO;4
61;DUCKY SPLASH B;ATIVO;4
62;DUO DRIVE CARRO;ATIVO;4
63;DUO DRIVE MOTO;ATIVO;4
64;ENTRADA 1;ATIVO;11
65;ENTRADA 2;ATIVO;11
66;ENTRADA 3;ATIVO;11
67;ENTRADA 4;ATIVO;11
68;FAMILY BOWL 2;ATIVO;4
69;FLYING TIGER;ATIVO;2
70;FRIGHT NIGHT;ATIVO;4
71;FROST ISLAND A;ATIVO;4
72;FROST ISLAND B;ATIVO;4
73;FUNKY GATORS;ATIVO;4
74;FUTEBOYS;ATIVO;5
75;GRUA A;ATIVO;12
76;GRUA B;ATIVO;12
77;GRUA BIG A;ATIVO;12
78;GRUA BOLA A;ATIVO;12
79;GRUA C;ATIVO;12
80;GRUA MINI A;ATIVO;12
81;GUITAR HERO 3;ATIVO;6
82;GUNBLADE;ATIVO;6
83;HAMMER;ATIVO;4
84;HIPODANCE;ATIVO;4
85;HIT MANIA;ATIVO;4
86;HOUSE OF DEAD 3;ATIVO;6
87;HOUSE OF DEAD 4;ATIVO;6
88;I TARGET;ATIVO;5
89;INTERLAGOS;ATIVO;4
90;JUNGLE DRUMMER;ATIVO;4
91;KD ALLADIN;ATIVO;3
92;KD AVIAO;ATIVO;3
93;KD BATMAN;ATIVO;3
94;KD CAR SCHOOL;ATIVO;3
95;KD CATERPILLAR;ATIVO;3
96;KD CRAZY HORSE;ATIVO;3
97;KD DINO;ATIVO;3
98;KD DINO GUITARRA;ATIVO;3
99;KD FERRARI;ATIVO;3
100;KD HYDROJET;ATIVO;3
101;KD JUMBO JET;ATIVO;3
102;KD MICKEY;ATIVO;3
103;KD PATO DONALD;ATIVO;3
104;KD PINTINHO;ATIVO;3
105;KD RENA;ATIVO;3
106;KD RODEO COW;ATIVO;3
107;KD SMART TRAIN;ATIVO;3
108;KD SUBMARINO;ATIVO;3
109;KD TARTARUGA NINJA;ATIVO;3
110;KD TAXI;ATIVO;3
111;KD TOM E JERRY;ATIVO;3
112;KD TRATORE;ATIVO;3
113;KD X√çCARA;ATIVO;3
114;KDCAVALOITALIANO;ATIVO;3
115;KEY MASTER;ATIVO;1
116;KIDDIE PLAY;ATIVO;2
117;KING 2000;ATIVO;5
118;KING 2002;ATIVO;5
119;KING 2002 SUPER;ATIVO;5
120;KING HAMMER;ATIVO;4
121;MARVEL X STREET;ATIVO;5
122;MINI BASQUETE;ATIVO;4
123;MOTO MANX TT A;ATIVO;6
124;MOTO MANX TT B;ATIVO;6
125;MULTIJOGOS 100;ATIVO;5
126;MULTIJOGOS 300;ATIVO;5
127;NASCAR A;ATIVO;6
128;NASCAR B;ATIVO;6
129;OFF ROAD A;ATIVO;6
130;OFF ROAD B;ATIVO;6
131;PESCARIA;ATIVO;8
132;PILIIBLADE;ATIVO;4
133;PIPOCA;ATIVO;13
134;PIRATES HOOK A;ATIVO;4
135;PIRATES HOOK B;ATIVO;4
136;PISCINA DE BOLAS;ATIVO;2
137;PLAYGOL;ATIVO;5
138;RAGINGAPE;ATIVO;4
139;RALLY ITALIANO;ATIVO;2
140;REAL PUNCHER;ATIVO;6
141;RIBBIT RACIN A;ATIVO;4
142;RIBBIT RACIN B;ATIVO;4
143;SAIDA 1;ATIVO;11
144;SAIDA 2;ATIVO;11
145;SHARK PANIC;ATIVO;4
146;SMASHING DRIVE A;ATIVO;6
147;SMASHING DRIVE B;ATIVO;6
148;SOCCER MANIAC;ATIVO;9
149;SONHO DE MEL;ATIVO;4
150;SPEED UP A;ATIVO;6
151;SPEED UP B;ATIVO;6
152;STACKER;ATIVO;10
153;STREET ALPHA 3;ATIVO;5
154;STREET BASKET A;ATIVO;4
155;STREET BASKET B;ATIVO;4
156;STREET FEVER A;ATIVO;5
157;STREET FEVER B;ATIVO;5
158;STREET ZERO 2;ATIVO;5
159;SUPER BIKE 2 A;ATIVO;6
160;SUPER BIKE 2 B;ATIVO;6
161;TIGER BOWL;ATIVO;4
162;TIME CRISIS A;ATIVO;6
163;TIME CRISIS B;ATIVO;6
164;TOMBO LEGAL;ATIVO;2
165;TRANSFORMERS;ATIVO;6
166;TRIO KIDS;ATIVO;2
167;ULTRA FIREPOWER;ATIVO;6
168;VAPOR TRX A;ATIVO;6
169;VAPOR TRX B;ATIVO;6
170;VEGGIE BLAST;ATIVO;4
171;WACKY RACES A;ATIVO;6
172;WACKY RACES B;ATIVO;6
173;WADAIKO;ATIVO;6
174;WATER PARK;ATIVO;4
175;X BALL;ATIVO;4